<?xml version="1.0" encoding="UTF-8"?>
<SKIN id="GI.Skin" preview="preview.png" ver="1.1">
 <AUTHOR name="Maxim Grach (updated by Gensnet)" hp="http://www.gmzm.narod.ru/" comments=""/>
 <IMAGE id="CP" file="skin.bmp">
  <AREA id="bg" pos="255,0" size="372,99"/>
  <AREA id="BtnPlay" pos="207,111" size="59,89"/>
  <AREA id="BtnFStep" pos="207,200" size="21,65"/>
  <AREA id="BtnFF" pos="663,93" size="21,65"/>
  <AREA id="BtnEject" pos="249,200" size="27,65"/>
  <AREA id="PosBG" pos="473,242" size="171,25"/>
  <AREA id="BtnZI" pos="366,99" size="20,59"/>
  <AREA id="BtnZO" pos="386,99" size="20,59"/>
  <AREA id="BtnPlPrev" pos="276,200" size="21,65"/>
  <AREA id="BtnPlist" pos="266,111" size="59,89"/>
  <AREA id="BtnPlNext" pos="297,200" size="21,65"/>
  <AREA id="BtnMute" pos="325,99" size="41,59"/>
  <AREA id="BtnAProps" pos="406,99" size="20,59"/>
  <AREA id="BtnVProps" pos="426,99" size="20,59"/>
  <AREA id="BtnSShot" pos="446,99" size="20,59"/>
  <AREA id="BtnSubs" pos="466,99" size="20,59"/>
  <AREA id="BtnFlt" pos="486,99" size="20,59"/>
  <AREA id="BtnInfo" pos="506,99" size="20,59"/>
  <AREA id="BtnPrefs" pos="526,99" size="20,59"/>
  <AREA id="SeekBG" pos="207,265" size="24,21"/>
  <AREA id="SeekBGfill" pos="231,265" size="24,21"/>
  <AREA id="SeekThumb" pos="255,99" size="24,12"/>
  <AREA id="Digits" pos="473,267" size="86,12"/>
  <AREA id="SeekDgts" pos="559,267" size="52,6"/>
  <AREA id="SeekHiTick" pos="309,270" size="1,5"/>
  <AREA id="SeekLoTick" pos="310,270" size="1,5"/>
  <AREA id="VolBG" pos="289,99" size="7,10"/>
  <AREA id="VolBGF" pos="296,99" size="7,10"/>
  <AREA id="VolThumb" pos="279,99" size="10,10"/>
 </IMAGE>
 <IMAGE id="Cap" file="skin.bmp">
  <AREA id="bg" pos="255,265" size="28,21"/>
  <AREA id="brd" pos="627,0" size="29,52"/>
  <AREA id="TitleBG" pos="283,265" size="19,16"/>
  <AREA id="btAbout" pos="638,158" size="19,59"/>
  <AREA id="btTop" pos="623,99" size="39,59"/>
  <AREA id="btMin" pos="604,99" size="19,59"/>
  <AREA id="btMax" pos="565,99" size="19,59"/>
  <AREA id="btExit" pos="546,99" size="19,59"/>
 </IMAGE>
 <IMAGE id="Logo" file="skin.bmp">
  <AREA id="Splash" pos="0,111" size="207,173"/>
 </IMAGE>
 <IMAGE id="About" file="skin.bmp">
  <AREA id="bg" pos="0,0" size="255,111"/>
  <AREA id="btDev" pos="473,158" size="132,83"/>
 </IMAGE>
 <IMAGE id="Menu" file="skin.bmp">
  <AREA id="bg" pos="627,52" size="23,23"/>
  <AREA id="pics" pos="605,158" size="33,84"/>
  <AREA id="Checked" pos="669,53" size="16,16"/>
  <AREA id="Bookmark" pos="671,36" size="11,11"/>
 </IMAGE>
 <IMAGE id="Color" file="skin.bmp">
  <AREA id="PL" pos="675,14" size="1,11"/>
  <AREA id="Menu" pos="676,14" size="1,7"/>
  <AREA id="OSD" pos="679,14" size="1,5"/>
 </IMAGE>
 <IMAGE id="PL" file="skin.bmp">
  <AREA id="bg" pos="457,158" size="14,46"/>
  <AREA id="btPlay" pos="325,158" size="22,59"/>
  <AREA id="btAdd" pos="347,158" size="22,59"/>
  <AREA id="btRem" pos="369,158" size="22,59"/>
  <AREA id="btUp" pos="391,158" size="22,59"/>
  <AREA id="btShuffle" pos="412,158" size="45,59"/>
  <AREA id="btMarks" pos="645,218" size="45,59"/>
  <AREA id="btRepeat" pos="318,217" size="45,59"/>
  <AREA id="btAddDir" pos="363,217" size="22,59"/>
  <AREA id="btClear" pos="385,217" size="22,59"/>
  <AREA id="btDown" pos="407,217" size="22,59"/>
  <AREA id="btReport" pos="429,217" size="22,59"/>
  <AREA id="btSave" pos="451,217" size="22,59"/>
 </IMAGE>
 <FONT id="Digits" img="CP.Digits" chars=" 0123456789&gt;:&lt;"/>
 <FONT id="SeekDgts" img="CP.SeekDgts" chars=" 0123456789:"/>
 <CTLDEF id="WndAbout" type="Panel" bg="About.bg" size="255,111">
  <CONTROL type="GfxBtn" pos="11,54" size="132,27" img="About.btDev" link="About.DevLink"/>
 </CTLDEF>
 <CTLDEF id="WndBorder" type="Panel" bg="Cap.brd" size="29,52" bgsplit="14,40"/>
 <CTLDEF id="PListPanel" type="Panel" bg="PL.bg" size="29,46" bgsplit="7,23">
  <CONTROL type="GfxBtn" pos="4,4" size="22,19" img="PL.btPlay" link="PList.Play"/>
  <CONTROL type="GfxBtn" pos="28,4" size="22,19" img="PL.btAdd" link="PList.AddFiles"/>
  <CONTROL type="GfxBtn" pos="50,4" size="22,19" img="PL.btRem" link="PList.Remove"/>
  <CONTROL type="GfxBtn" pos="72,4" size="22,19" img="PL.btUp" link="PList.MoveUp"/>
  <CONTROL type="GfxBtn" pos="94,4" size="22,19" img="PL.btShuffle" link="PList.Shuffle"/>
  <CONTROL type="GfxBtn" pos="118,4" size="22,19" img="PL.btMarks" link="PList.ShowMarks"/>
  <CONTROL type="GfxBtn" pos="4,24" size="22,19" img="PL.btRepeat" link="PList.Repeat"/>
  <CONTROL type="GfxBtn" pos="28,24" size="22,19" img="PL.btAddDir" link="PList.AddDir"/>
  <CONTROL type="GfxBtn" pos="50,24" size="22,19" img="PL.btClear" link="PList.Clear"/>
  <CONTROL type="GfxBtn" pos="72,24" size="22,19" img="PL.btDown" link="PList.MoveDown"/>
  <CONTROL type="GfxBtn" pos="94,24" size="22,19" img="PL.btReport" link="PList.Report"/>
  <CONTROL type="GfxBtn" pos="118,24" size="22,19" img="PL.btSave" link="PList.Save"/>
 </CTLDEF>
 <CTLDEF id="Caption" type="Panel" bg="Cap.bg" size="400,21" bgsplit="14,10">
  <CONTROL type="Text" pos="39,4" size="-60,16" font="Tahoma" bg="Cap.TitleBG" bgsplit="8,5" text="{TITLE}"/>
  <CONTROL type="GfxBtn" pos="1,1" size="19,19" img="Cap.btAbout" link="App.About"/>
  <CONTROL type="GfxBtn" pos="21,1" size="19,19" img="Cap.btTop" link="App.StayOnTop"/>
  <CONTROL type="GfxBtn" pos="-60,1" size="19,19" img="Cap.btMin" link="App.Minimize"/>
  <CONTROL type="GfxBtn" pos="-40,1" size="19,19" img="Cap.btMax" link="Window.FullScreen"/>
  <CONTROL type="GfxBtn" pos="-20,1" size="19,19" img="Cap.btExit" link="App.Exit"/>
 </CTLDEF>
 <CTLDEF id="CtlPanel" type="Panel" bg="CP.bg" size="400,100" bgsplit="235,50">
  <CONTROL type="Panel" bg="CP.PosBG" pos="118,12" size="171,25">
   <CONTROL type="Text" pos="13,7" size="95,11" font="Digits" text="{POS} &gt; {DUR} "/>
   <CONTROL type="GfxBtn" pos="120,3" size="20,19" img="CP.BtnZI" link="Window.FullScreen"/>
   <CONTROL type="GfxBtn" pos="141,3" size="20,19" img="CP.BtnZO" link="Window.Original"/>
  </CONTROL>
  <CONTROL type="Text" pos="-75,77" size="30,11" font="Digits" text="{TIME}"/>
  <CONTROL type="GfxBtn" pos="6,7" size="29,29" img="CP.BtnPlay" link="App.SuperPlay"/>
  <CONTROL type="GfxBtn" pos="35,15" size="21,21" img="CP.BtnFStep" link="Player.FrameStep"/>
  <CONTROL type="GfxBtn" pos="55,15" size="21,21" img="CP.BtnFF" link="Player.SpeedPlay"/>
  <CONTROL type="GfxBtn" pos="86,15" size="27,21" img="CP.BtnEject" link="PlayList.OpenFiles"/>
  <CONTROL type="GfxBtn" pos="-77,15" size="21,21" img="CP.BtnPlPrev" link="PlayList.Prev"/>
  <CONTROL type="GfxBtn" pos="-56,7" size="29,29" img="CP.BtnPlist" link="Window.PlayList"/>
  <CONTROL type="GfxBtn" pos="-27,15" size="21,21" img="CP.BtnPlNext" link="PlayList.Next"/>
  <CONTROL type="GfxBtn" pos="13,73" size="20,19" img="CP.BtnMute" link="Audio.Mute"/>
  <CONTROL type="GfxBtn" pos="104,73" size="20,19" img="CP.BtnAProps" link="Window.AudioProps"/>
  <CONTROL type="GfxBtn" pos="125,73" size="20,19" img="CP.BtnVProps" link="Window.VideoProps"/>
  <CONTROL type="GfxBtn" pos="146,73" size="20,19" img="CP.BtnSShot" link="Player.ScreenShot"/>
  <CONTROL type="GfxBtn" pos="167,73" size="20,19" img="CP.BtnSubs" link="Window.SubProps"/>
  <CONTROL type="GfxBtn" pos="-129,73" size="20,19" img="CP.BtnFlt" link="Window.Filters"/>
  <CONTROL type="GfxBtn" pos="-108,73" size="20,19" img="CP.BtnInfo" link="Window.FileInfo"/>
  <CONTROL type="GfxBtn" pos="-33,73" size="20,19" img="CP.BtnPrefs" link="App.Prefs"/>
  <CONTROL type="Seeker" pos="7,45" size="-7,24" bg="CP.SeekBG" bgsplit="12,6" bgfill="CP.SeekBGfill" thumb="CP.SeekThumb" font="SeekDgts" lotick="CP.SeekLoTick" hitick="CP.SeekHiTick" link="Player.Seeker"/>
  <CONTROL type="Slider" pos="40,78" size="55,10" bg="CP.VolBG" bgsplit="3,6" bgfill="CP.VolBGF" thumb="CP.VolThumb" link="Audio.Volume"/>
 </CTLDEF>
 <WNDDEF id="Main" size="400,300" align="center">
  <CONTROL def="CtlPanel" pos="0,-99" size="0,99"/>
 </WNDDEF>
</SKIN>
